"id","created_at","category","Active"
"1052c020-ea5d-4b3d-8fc6-957c99369c00","2025-11-06 14:55:30.096272","project","true"
"2ebf7c81-4773-4db6-8da1-6df8d179377b","2025-09-06 10:10:52.911006","news","true"
"3fbc0f13-c711-46b0-9399-c1f90d3418de","2025-09-20 08:39:39.195852","project","true"
"3fece07d-7db4-443f-a338-537dd0e4cf98","2025-09-07 08:01:34.318193","project","true"
"41387e59-1c31-4ada-9048-ca45dc017bdc","2025-11-08 08:46:31.751004","project","true"
"699726db-2e95-4612-9303-b4dcfab0a91a","2025-09-06 10:14:58.394047","news","true"
"6b1f8985-9250-49af-aa11-2989a3684d71","2025-09-07 13:00:48.535435","project","true"
"9d59eea7-d058-494a-aae9-ee9c9a73e91e","2025-09-06 14:29:24.839502","project","true"
"ad98f99d-25e9-4c7b-828a-55eff228e4f4","2025-11-08 08:02:58.592095","project","true"
"e74188e4-be4c-4108-9bd0-c6f516759e2c","2025-09-18 11:07:10.607528","project","true"
"ee7301e1-07ef-4ef9-a375-0d1feff4880d","2025-11-08 09:39:32.165081","project","false"
"f6a910ac-076a-47be-83e0-9dfe77d6f53b","2025-09-06 09:41:51.657385","news","true"
"ffd50e35-1141-44bc-9f8b-5e1f68ab4d4c","2025-11-05 11:13:28.399999","project","true"